name	name2	sex	country	birth	height(cm)	weight(kg)	event	native	register
安-弗雷泽 	Shelly-Ann Fraser-Pryce	女	牙买加	1986年11月27日	160	52	田径		
阿莱克斯?加西亚 	Alex Garcia	男	巴西	1980年3月4日	191	89	篮球		
安德森?瓦莱乔 	Anderson Varejao	男	巴西	1982年9月28日	211	118	篮球		
埃米莉・西博姆 	Emily Jane Seebohm	女	澳大利亚	1992年6月5日	180	64	游泳		
安迪・穆雷 	Andy Murray	男	英国	1987年5月15日	191	81	网球		
阿列克谢・克里莫夫 	Alexey Klimov 	男	俄罗斯	1975年8月27日	182	81	"射击
"		
艾衍含 	Ai Yanhan	女	中国	2002年2月7日			游泳	湖北	
阿索维奇 	ARSOVIC Andrea								
安赫尔-科雷亚 	Angel Correa	男	阿根廷	1995年3月9日	173	71	男子足球		
埃德加-耶 	Edgar Ie	男	葡萄牙	1994年5月1日	176	72	男子足球		
安吉尔・麦克康特利 	Angel McCoughtry	女	美国	1986年9月10日	185	73	篮球		
阿尔法拉克・阿米奴 	Al-Farouq Aminu	男	尼日利亚	1990年9月21日	206	98	篮球		
阿隆・贝内斯 	Aron Baynes	男	澳大利亚	1986年12月9日	208	118	篮球		
安德烈斯・诺西奥尼 	Andres Nocioni	男	阿根廷	1979年11月30日	201	102	篮球		
艾克内・伊贝克维 	Ekene Ibekwe	男	尼日利亚	1985年7月19日	206	100	篮球		
奥古斯托 	Augusto	男	巴西	1988年2月8日	186	86	男子足球		
鲍里斯・迪奥 	Boris Diaw	男	法国	1982年4月16日	203	107	篮球		
卞卡 	BIAN Ka	女	中国	1993年1月5日	182	113	女子铅球	江苏	江苏
保罗・加索尔 	Pau Gasol	男	西班牙	1980年7月6日	213	118	篮球		
白发全 	Bai Faquan 	男	中国	1986年3月18日	175	64	铁人三项	云南	"四川
"
毕晓琳 	Bi Xiaolin	女	中国	1989年9月18日			足球	辽宁	
保罗・乔治 	Paul George	男	美国	1990年5月2日	203	95	篮球		
博涅娃 	BONEVA Antoaneta	女	保加利亚	1986年1月17日			射击		
巴哈尔・卡格拉尔 	Bahar Caglar	女	土耳其	1988年9月28日	191	76	篮球		
波尔 	Timo Boll	男	德国	1981年3月8日	178	65	乒乓球		
鲍语晴 	Bao Yuqing	女	中国				艺术体操	浙江	
毕胜峰 	Bi Shengfeng	男	中国				摔跤		山东
贝莎妮・马泰克-桑兹 	Bethanie Mattek-Sands	女	美国	1985年3月23日	168	66.4	网球		
查德・勒克洛斯 	Chad le Clos	男	南非	1992年4月12日	183	77.8	游泳		
陈楠 	Chen Nan	女	中国	1983年12月8日	197	90	篮球	青岛胶南	
查尔斯・卡胡迪 	Charles Kahudi	男	法国	1983年5月25日	190	94	篮球		
陈晓佳 	Chen Xiao Jia	女	中国	1988年4月2日	180	70	篮球	江苏无锡	
陈扬 	CHEN Yang	女	中国	1991年7月10日	180	100	女子铁饼	河北	河北
陈洁 	Chen Jie	女	中国	1995年	176		游泳	湖北	
陈欣怡 	Chen Xinyi	女	中国	1998年			游泳	上海	
崔米尚 	CHOI Misun	女	韩国	1996年7月1日			射箭		
曹h 	Cao Yue	女	中国	1995年			游泳	山西	
曹缘 	Cao Yuan	男	中国	1995年2月7日	160	42	跳水	北京市	北京市
曾珍 	Zeng Zhen	女	中国	1993年11月28日	170	61	花样游泳	四川	
陈颖 	Chen Ying	女	中国	1977年11月4日	164	75	射击	北京	北京
成池铉 	Sung Ji Hyun	女	韩国	1991年7月29日	169	59	羽毛球		
程训钊 	Cheng Xunzhao	男	中国	1991年			柔道	江苏	
谌利军 	Chen Li Jun	男	中国:				举重	湖南	
陈倩 	Chen Qian	女	中国	1987年1月14日	163	54	女子现代五项	江苏	"江苏
"
陈海威 	Chen Haiwei	男	中国	1994年12月30日	188		击剑	福建	"福建
"
曹忠荣 	Cao Zhongrong	男	中国	1981年11月3日	180	73	男子现代五项	上海	"上海
"
崔秋霞 	Cui Qiuxia	女	中国	1990年9月11日	166	63	曲棍球		"上海
"
曹硕 	Cao Shuo	男	中国	1991年10月8日	180	76	男子三级跳远	河北	河北
陈定 	Chen Ding	男	中国	1992年8月5日	177	61	男子20公里竞走	云南	广东省
陈若琳 	Chen Ruolin	女	中国	1992年12月12日	158	47	跳水	江苏省	江苏省
曾涛 	Zeng Tao	男	中国				赛艇	湖南	
谌龙 	Chen Long	男	中国	1989年1月18日	188	78	羽毛球	福建	福建
曹慧 	Cao Hui	女	中国				射箭	辽宁	辽宁
柴飚 	Chai Biao	男	中国	1990年10月10日	183	70	羽毛球	湖南	湖南
丁宁 	Ding Ning	女	中国	1990年6月20日	170	63	乒乓球	黑龙江	北京
邓薇 	Deng Wei	女	中国	1993年2月14日	158	60	举重	福建	
丹羽孝希 	Niwa Kouki	男	日本	1994年10月10日	162	51	乒乓球		
董洁 	Dong Jie	女	中国				游泳	天津	
董栋 	Dong Dong	男	中国	1989年4月13日	168	60	蹦床	河南	山西省
董国建 	Dong Guojian	男	中国	1987年3月16日	172	60	田径	云南	云南
德玛尔・德罗赞 	DeMar DeRozan	男	美国	1989年8月7日	201	100	"篮球
"		
杜丽 	Du Li	女	中国	1982年3月5日	170	55	射击	山东	山东
德马库斯・考辛斯 	DeMarcus Cousins	男	美国	1990年8月13日	211	123	"篮球
"		
德安德鲁・乔丹 	DeAndre Jordan	男	美国	1988年7月21日	211	120	篮球		
邓书弟 	Deng Shudi	男	中国	1991年9月10日			体操	贵州	贵州
德拉甘・斯坦科维奇 	Dragan Stankovic	男	塞尔维亚	1985年10月18日	205	80	排球		
蒂娜・查尔斯 	Tina Charles	女	美国	1988年12月5日	193	90	篮球		
邓志伟 	Deng Zhiwei	男	中国				男子古典式摔跤125公斤级	河北	
迪米特里・奥恰洛夫 	Ovtcharov Dimitrij	男	德国	1988年9月2日	183	71	"乒乓球
"		
大卫・安德森 	David Andersen	男	澳大利亚	1980年6月23日	211	112	篮球		
德娇娇 	De Jiaojiao	女	中国	1990年1月5日	168	56	女子曲棍球	天津	"天津
"
达米里斯・丹特斯 	Damiris Dantas	女	巴西	1992年11月17日	192	88	篮球		
多布杰 	Duo Bujie	男	中国	1994年	170	55	田径	西藏	西藏
丁彦雨航 	Di Yanyuhang	男	中国	1993年8月20日	200	91	篮球	新疆克拉玛依	
单晓娜 	Shan Xiaona	女	德国				乒乓球		
杜凯l 	Du Kaiqin	女	中国香港	1996年11月27日			乒乓球		
冯彬 	Feng bin	女	中国	1994年4月3日	184	95	女子铁饼	山东	山东
菲利普・雷耶斯 	Felipe  Reyes	男	西班牙	1980年3月16日	206	115	篮球		
费尔南多・圣梅里特奥 	Fernando San Emeterio	男	西班牙	1984年1月1日	199	105	篮球		
范忆琳 	Fan Yilin	女	中国	1999年11月11日			体操	上海	上海
福原爱 	Fukuhara Ai	女	日本	1988年11月1日	154	48	乒乓球		
菲尔普斯 	Michael Phelps	男	美国	1985年6月30日	193	79	游泳		
冯天薇 	Feng Tianwei	女	新加坡	1986年8月31日	164	58	乒乓球		
菲利佩-吴 	Felipe Almeida WU								
傅园慧 	Fu Yuanhui	女	中国	1996年1月7日	177	63	游泳	浙江	浙江
范阳 	Fan Yang	男	中国				自行车	上海	上海
弗拉基米尔・莫洛佐夫 	Vladimir Morozov	男	俄罗斯	1992年6月16日	185	80	游泳		
傅海峰 	Fu Hai Feng	男	中国	1984年1月2日	181	78	羽毛球	广东	广东
冯珊珊 	Feng Shanshan	女	中国	1989年8月5日	173	68	高尔夫	广东	
郭建力 	Guo Jianli	男	中国	1988年3月6日			现代五项	广东	广东
高阳 	GAO Yang	女	中国	1993年3月1日	178	115	女子铅球	山东	山东
葛曼棋 	GE Manqi	女	中国	1997年10月13日	160	48	女子短跑	福建	福建
高颂 	Gao Song	女	中国	1992年4月16日	191	85	篮球	黑龙江	
古斯塔沃-坪井 	TSUBOI Gustavo	男	巴西	1985年5月31日	170	67	乒乓球		
高磊 	Gao Lei	男	中国				蹦床		上海
呙俐 	Guo Li	女	中国		167		花样游泳	江苏	
古雅沙 	GU Yasha	女	中国	1990年11月28日			足球	河南	
高晨 	GAO Chen	女	中国	1992年8月11日			足球	辽宁	
郭文B 	Guo Wenjun	女	中国	1984年6月22日	168	65	射击	陕西	陕西
郭艾伦 	Guo Ailun	男	中国	1993年11月14日	192	85	篮球	辽宁	辽宁
巩立姣 	Gong Lijiao	女	中国	1989年1月24日	175	108	女子铅球	河北	河北
宫磊 	Gong Lei	男	中国	1983年3月26日	185	88	帆船	山东省	山东
盖尔曼・桑切斯 	Germán Sánchez	男	墨西哥	1992年6月24日			跳水		
宫金杰 	Gong Jinjie	女	中国	1986年11月12日	168	67	自行车	吉林	吉林
顾雪宋 	Gu Xuesong	男	中国				射箭		上海
顾笑 	Gu Xiao	女	中国	1993年3月18日	174	60	游泳	江苏	
高兴龙 	Gao Xinglong	男	中国	1994年3月12日	181	70	田径	黑龙江	黑龙江
韩玉成 	Han Yucheng	男	中国	1978年12月16日	175	63	田径	辽宁	辽宁
黄思静 	Huang Si Jing	女	中国	1996年4月	192	80	篮球	广东梅州	
黄镇廷 	WONG Chun Ting	男	中国香港	1991年9月7日	175	60	乒乓球		
何钧杰 	HO Kwan Kit	男	中国香港	1997年4月20日	175	60	乒乓球		
胡安・卡洛斯・纳瓦罗 	Juan Carlos Navarro	男	西班牙	1980年6月13日	191	77	篮球		
华绍青 	HUA Shaoqing	女	中国	1994年2月12日	172	54	女子中长跑	河北	河北
何雯娜 	He Wenna	女	中国	1989年1月19日	160	48	蹦床	福建	福建省
黄丽珠 	Huang Li Zhu	女	中国		175		帆船	海南	
韩鹏 	Han Peng	女	中国	1989年12月20日			足球	山东	
侯雅雯 	Hou Yanwen	女	中国				游泳	辽宁	
哈里森・巴恩斯 	Harrison Barnes	男	美国	1992年5月29日	203	95	篮球		
黄文仪 	Huang Wenyi 	女	中国	1991年3月6日	178	63	赛艇	 广东省	 广东
胡斌渊 	Hu Binyuan	男	中国	1977年11月7日	180	67	射击	上海	上海
郝佳露 	Hao Jialu	女	中国	1987年8月20日	176		击剑	山西	
华天 	Hua Tian	男	中国	1989年10月25日	187	70	马术	北京	
黄雪辰 	Huang Xuechen	女	中国	1990年2月25日	175	62	花样游泳	上海	上海
黄红枇 	Huang Hong Pi	女	中国	1989年4月	195	80	篮球	广西南宁	
何健彬 	He Jianbin	男	中国	1993年2月18日	188	79	游泳	广东	广东
何姿 	He Zi	女	中国	1990年12月10日	159	51	跳水	广西	广东省
胡逸轩 	Hu Yixuan	男	中国	1994年10月			游泳	浙江	
黄冬艳 	Huang Dongyan	女	中国				自行车	上海	上海
惠若琪 	Hui Ruoqi	女	中国	1991年3月4日	191	77	排球	辽宁	江苏
黄常洲 	Huang Changzhou	男	中国	1994年8月20日	186	73	田径	四川	四川
韩莹 	Han Ying	女	德国	1983年4月29日			乒乓球		
黄博凯 	Huang Bokai	男	中国	1996年9月26日	192	78	田径	广东	广东
杰西卡-恩尼斯 	Jessica Ennis	女	英国	1986年1月28日	165	57	田径		
贾斯汀-加特林 	Justin Gatlin	男	美国	1982年2月10日	185	83	田径		
江燕 	Jiang Yan	女	中国				赛艇	山东	
吉米・巴特勒 	Jimmy Butler	男	美国	1989年9月14日	201	101	"篮球
"		
焦云龙 	Jiao Yunlong	男	中国	1988年5月9日	190		击剑	安徽	安徽
吉奥瓦尼-西蒙尼 	Giovanni Simeone	男	阿根廷	1995年7月5日	181	81	男子足球		
金特尔 	Matthias Ginter	男	德国	1994年1月19日	188	85	男子足球		
金威 	Jin Wei	男	中国				赛艇	辽宁	
金延Z 	Kim yeon-koung	女	韩国	1988年2月26日	192	73	排球		
敬亚莉 	Jing Yali	女	中国	1993年5月25日			自行车	河南	
加尔比妮・穆古鲁扎 	Garbi?e Muguruza	女	西班牙	1993年10月8日	182	73	网球		
凯文・杜兰特 	Kevin Durant	男	美国	1988年9月29日	206	104	篮球		
卡梅伦・范德伯格 	Cameron van der Burgh	男	南非	1988年5月25日	185	85	游泳		
凯特・坎贝尔 	Cate Campbell	女	澳大利亚	1995年5月10日	186	67	"游泳
"		
奎赫梅?乔万诺尼 	Guilherme Giovannoni	男	巴西	1980年6月2日	204	97	篮球		
孔令微 	KONG Lingwei	女	中国	1995年7月28日	165	55	女子短跑	黑龙江	黑龙江
凯瑞・厄文 	Kyrie Irving	男	美国	1992年3月23日	191	81	篮球		
凯尔・洛里 	Kyle Lowry	男	美国	1986年3月25日	183	93	篮球		
科斯特耶维奇 	Olena KOSTEVYCH								
凯蒂・莱德基 	Katie Ledecky	女	美国	1997年3月17日	180	70	游泳		
库雅妮特拉・霍林斯沃斯 	Kuanitra Holingsvorth	女	土耳其	1988年11月15日	196	91	篮球		
卡罗丽娜・马琳 	Carolina Marín	女	西班牙	1993年6月15日			羽毛球		
卡汀卡・霍斯祖 	Katinka Hosszú	女	匈牙利	1989年5月3日	170	60	游泳		
卡梅伦・麦克沃伊 	Cameron McEvoy	男	澳大利亚	1994年5月13日	183	73	游泳		
克莱恩・杜马克 	Celine Dumerc	女	法国		169		 项目:篮球		
卡洛斯・德尔菲诺 	Carlos Delfino	男	阿根廷	1982年8月29日	198	104	篮球		
克拉丽萨・桑托斯 	Clarissa Santos	女	巴西	1988年3月10日	183	94	篮球		
卡梅隆・安东尼 	Carmelo Anthony	男	美国	1984年9月29日	203	104	篮球		
李慕豪 	Li Muhao	男	中国	1992年6月2日	225	111	篮球	贵州贵阳	
李倩 	Li Qian	女	中国				拳击	河南	内蒙古
劳尔?托格尼?内托 	Raul Togni Neto	男	巴西	1992年5月20日	189	82	篮球		
莱昂纳多?巴博萨 	Leandro Barbosa	男	巴西	1982年11月28日	191	92	篮球		
吕斌 	Lv Bin	男	中国	1994年			拳击	浙江	八一
鲁塔・梅卢提特 	Rūta Meilutyt?	女	立陶宛	1997年3月19日	173	64	游泳		
雷声 	Lei Sheng	男	中国	1984年3月7日	193	75	花剑	天津	广东省
李晓霞 	Li Xiaoxia	女	中国	1988年1月16日	174	64	乒乓球	辽宁	山东
林慧君 	LIN Huijun	女	中国	1993年2月1日	168		女子短跑	福建	福建
罗杰・费德勒 	Roger Federer	男	瑞士	1981年8月8日	185	80	网球		
罗伦特・皮特鲁斯 	Florent Pietrus	男	法国	1981年1月19日	202	103	篮球		
刘诗颖 	LIU Shiying	女	中国	1993年9月24日	178	78	女子标枪	山东	山东
丽泽内・墨菲 	Lizanne Murphy	女	加拿大	1984年3月15日	183	75	篮球		
李小红 	LI Xiaohong	女	中国	1995年1月8日	175	56	女子三级跳远	福建	福建
李尚洙 	LEE Sangsu	男	韩国	1990年8月13日	172	60	乒乓球		
梁小静 	LIANG Xiaojing	女	中国	1997年4月7日	156	45	女子短跑	广东	广东
吕扬 	Lv Yang	女	中国				赛艇	河南	
李珊珊 	Li Shan Shan	女	中国	1987年4月	177	70	篮球	江苏	
刘湘 	Liu Xiang 	女	中国	1996年9月1日			游泳	广东	
李丹 	Li Dan	女	中国	1989年9月19日	155	48	蹦床	广东省广州市	广东
鲁迪・费尔南德斯 	Rudy Fernandez 	男	西班牙	1985年4月4日	196	85	篮球		
李强 	Li Qiang 	男	中国	1989年1月4日	185	83	皮划艇静水	辽宁省	广东省 
刘杉杉 	LIU Shanshan	女	中国	1992年3月16日			足球	河北	
黎雅君 	Li Ya Jun	女	中国:				举重	广东	
林丹 	Lin Dan	男	中国	1983年10月14日	177	70	羽毛球	福建	福建
李影 	LI Ying	女	中国	1993年1月7日			足球	重庆	
梁馨枰 	Liang Xinping	女	中国	1994年7月31日	171	60	花样游泳	江苏	
李悦 	Li Yue	女	中国	1993年10月27日			皮划艇静水	云南贵州	云南
柳雅欣 	Liu Yaxin	女	中国	1999年			游泳	浙江	
娄佳惠 	Lou Jiahui	女	中国	1991年5月26日			足球	河南	
李晓璐 	Li Xiaolu								
龙清泉 	Long Qing Quan	男	中国:	1990年12月3日	156	56	举重	湖南	
李冬娜 	LI Dongna	女	中国	1988年12月6日			足球	辽宁	
乐慧林 	Le Huilin	女	中国	1989年4月1日			击剑	福建	
柳延星 	YOO Yeon Seong	男	韩国	1986年8月19日	180	68	羽毛球		
刘咏诗 	Liu Yongshi	女	中国	1990年2月	176		击剑	广东	
拉特查诺・因达农 	Ratchanok Inthanon	女	泰国	1995年2月5日	165		羽毛球		
林超攀 	Lin Chaopan	男	中国	1995年8月27日			体操	福建	福建
刘洋 	Liu Yang	男	中国	1994年8月11日			体操	辽宁	辽宁
林永庆 	Lin Yongqing	男	中国	1992年12月24日	190	80	游泳	辽宁	
刘虹 	Liu Hong	女	中国	1987年5月12日	161	48	女子20公里竞走	江西	广东
刘诗雯 	 Liu Shiwen	女	中国	1991年4月12日	160	54	乒乓球	辽宁	广东
李响 	 Li Xiang	男	中国	1993年7月2日	192	86	游泳	天津	
吕秀芝 	LYU Xiuzhi	女	中国	1993年10月26日	156	42	女子20公里竞走	安徽	安徽
李玲[2] 	Li Ling	女	中国	1989年7月6日	185	63	女子撑杆跳高	山东	浙江
李露 	Li Lu	女	中国				皮划艇激流	四川	
吕会会 	LYU Huihui	女	中国	1989年6月26日	171	68	女子标枪	河南	河南
李玲蔚 	Li Lingwei	女	中国	1989年1月26日	175	68	女子标枪	山东	山东
露雯 	Lu Wen	女	中国	1990年4月	191	78	篮球	内蒙古鄂尔多斯	
梁美玉 	Liang meiyu	女	中国	1994年1月8日	166	65	曲棍球	广东	广东
李朱濠 	Li Zhuhao	男	中国	1999年1月9日	183		游泳	浙江	
李广源 	Li Guangyuan	男	中国	1997年2月27日			游泳	浙江	
李宗伟 	Lee Chongwei	男	马来西亚	1982年10月21日	172	60	羽毛球		
林俊红 	Lin Junhong	女	中国	1990年12月9日	163	61	自行车	黑龙江省	黑龙江省
刘兆尘 	Liu Zhaochen	男	中国	1995年			游泳	浙江	
林跃 	Lin Yue	男	中国	1991年7月24日	157	46	跳水	北京	
刘婷婷 	Liu tingting	女					链球		
陆滢 	Lu Ying	女	中国	1989年1月22日	175	62	游泳	上海市	上海市
劳瑞・马纳多 	Laure Manaudou	女	法国	1986年10月9日	178	62	游泳		
罗晓玲 	Luo Xiaoling	女	中国	1988年			自行车	甘肃	
莉兹・坎贝奇 	Liz Cambage	女	澳大利亚	1991年8月18日	203	98	篮球		
蕾切尔・杰里 	Rachel Jarry	女	澳大利亚	1991年12月6日	187	77	篮球		
拉斐尔・纳达尔 	Rafael Nadal	男	西班牙	1986年6月3日	185	85	网球		
李冬晓 	Li Dongxiao	女	中国	1987年11月26日	175	60	女子曲棍球	辽宁	"吉林
"
刘海萍 	Liu Haiping	女	中国	1988年6月3日	174	70	皮划艇静水	山东省	山东
刘浩 	Liu Hao	男	中国	1988年			自行车	吉林	吉林
李红侠 	Li Hongxia 	女	中国	1986年9月10日	169	62	女子曲棍球	辽宁	"辽宁
"
路易斯・斯科拉 	Luis Scola	男	阿根廷	1980年4月30日	206	111	篮球		
罗贝塔・文奇 	Roberta Vinci	女	意大利	1983年2月18日			网球		
李雪芮 	Li Xue Rui	女	中国	1991年1月24日	173	65	羽毛球	重庆	重庆
拉菲尼亚 	Rafael	男	巴西	1993年3月12日	178	75	男子足球		
李胜珍 	Li Shengzhen	女	韩国	1985年3月7日	165	60	射箭		
拉尔斯-本德 	Lars Bender	男	德国	1989年4月27日	184	77	男子足球		
吕小军 	Lv Xiaojun	男	中国	1984年7月27日	172	77	举重	湖北	天津
林希妤 	Lin Xiyu	女	中国	1996年2月25日			高尔夫	广东	
李昊桐 	Li Haotong	男	中国	1995年8月3日	183	75	高尔夫	湖南	
李龙大 	Lee Yong Dae	男	韩国	1981年3月8日	178	65	羽毛球		
李皓晴 	Li Haoqing	女	中国香港				乒乓球		
马赛林霍?胡尔塔斯 	Marcelinho Huertas	男	巴西	1983年5月25日	190	85	篮球		
马英楠 	Ma Ying Nan	女	中国				柔道	辽宁	
米西・富兰克林 	Missy Franklin	女	美国	1995年5月10日	188	75	游泳		
马龙 	Ma Long	男	中国	1988年10月20日	175	72	乒乓球	辽宁	北京
木村纱织 	Saori Kimura	女	日本	1986年8月19日	185	65	排球		
米歇尔・普罗菲 	Michelle Plouffe	女	加拿大	1992年9月15日	191	82	篮球		
米兰达・阿伊木 	Miranda Ayim	女	加拿大	1988年5月6日	183	78	篮球		
毛艺 	Mao Yi	女	中国	1999年9月			体操	辽宁	上海
苗甜 	Miao Tian	女	中国				苗甜	北京	
马克・加索尔 	Marc Gasol	男	西班牙	1985年1月29日	216	120	篮球		
马晓旭 	MA Xiaoxu	女	中国	1988年6月5日			足球	辽宁	
马青 	Ma Qing	女	中国	1992年8月24日			皮划艇静水	山东	山东
马剑飞 	Ma Jianfei	男	中国	1984年7月29日	186	77	击剑	广东	广东省
马思莱尼科夫 	Vladimir MASLENNIKOV	男	俄罗斯	1994年8月17日	168	67	射击男子气步枪		
马金尼奥斯 	Marquinhos	男	巴西	1994年5月14日	183	80	男子足球		
毛飞廉 	Mao Feilian	男	中国	1993年			游泳	浙江	
迈尔 	Max Meyer	男	德国	1995年9月18日	173	69	男子足球		
马欢欢 	Ma Huanhuan	女	中国	1990年1月13日	178	73	女子水球	广西	广西
梅笑寒 	Mei Xiaohan	女	中国				水球	安徽	
孟强 	Meng Qiang	男	中国				摔跤		
玛雅・摩尔 	Maya Moore	女	美国	1989年6月11日	175	79	篮球		
马梦露 	Ma Menglu	女	中国	1996年			自行车	河南	河南
玛蒂娜・辛吉斯 	Martina Hingis	女	瑞士	1980年9月30日	170		网球		
米尔扎 	Sania Mirza	女	印度	1986年11月15日	173	57	网球		
马修・德拉夫多瓦 	Matthew Dellavedova	男	澳大利亚	1990年9月8日	193	86	篮球		
马努・吉诺比利 	Manu Ginobili	男	阿根廷	1977年7月28日	198	93	篮球		
马克・霍顿 	Mark Houghton	男	澳大利亚	1997年			游泳		
马晋 	?Ma Jin	女	中国	1988年5月7日	167	60	羽毛球	江苏	山东
莫有雪 	Mo Youxue	男	中国	1988年2月16日	179	65	田径	广东	广东
米奇?拉尔金 	Mitch Larkin	男	澳大利亚	1993年7月9日	187	72	游泳		
马端斌 	Ma Duan Bin	男	中国				柔道	北京	
玛利亚・格罗兹德娃 	Maria Grozdeva	女	保加利亚	1972年6月23日	163	66	射击		
马修・埃蒙斯 	Matthew Emmons	男	美国	1981年4月5日	178	80	射击		
内内?希拉里奥 	Nene Hilario	男	巴西	1982年9月13日	211	113	篮球		
尼古拉斯・巴图姆 	Nicolas Batum	男	法国	1988年12月14日	203	90	篮球		
诺瓦克・德约科维奇 	Novak Djokovic	男	塞尔维亚	1987年5月22日	187	80	网球		
娜塔莉・阿乔恩瓦 	Natalie Achonwa	女	加拿大	1992年11月22日	192	83	篮球		
内瓦尔・塞娜 	Saina Nehwal	女	印度	1990年3月17日	167	60	羽毛球		
内村航平 	Kohei Uchimura	男	日本	1989年1月3日	161	55	体操		
内弗利耶・伊尔马兹 	Nevriye Yilmaz	女	土耳其	1980年6月16日	194	85	篮球		
牛冠男 	Niu Guannan	女	中国				水球	广西	
内马尔 	Neymar	男	巴西	1992年2月5日	175	64	男子足球		
宁泽涛 	Ning Zetao	男	中国	1993年3月6日	191	76	游泳	河南	
娜迪亚・考尔哈多 	Nadia Colhado	女	巴西	1989年2月25日	194	84	篮球		
欧紫霞 	Ou Zixia	女	中国				女子曲棍球	四川	
潘飞鸿 	Pan Feihong	女	中国	1989年7月17日		53	赛艇	浙江	
庞丰月 	PANG Fengyue	女	中国	1989年1月19日			足球	辽宁	
彭帅 	Peng Shuai	女	中国	1986年1月8日	173	65	网球	天津	天津
庞伟 	PangWei	男	中国	1986年7月19日	179	80	射击	河北	河北
佩特拉・科维托娃 	Petra Kvitova	女	捷克	1990年3月8日	183	70	网球		
彭林 	Peng Lin	女	中国	1995年4月4日	184	72	排球	湖南	
彭杨 	Peng Yang	女	中国	1992年1月17日	163	59	曲棍球	四川	四川
朴泰桓 	Park Tae-Hwan	男	韩国	1989年9月27日	183	74	游泳		
彭飞 	Peng Fei	男	中国	1992年			摔跤	陕西西安	
乔・英格尔斯 	Joe Ingles	男	澳大利亚				篮球		
乔斯・卡尔德隆 	Jose Calderon	男	西班牙	1981年9月28日	191	95	篮球		
切阳什姐 	Qie Yangshijie	女	中国	1990年11月11日	159	47	田径	青海	青海
c野公介 	Kosuke Hagino	男	日本	1994年8月15日	175	70	游泳		
邱子傲 	Qiu Ziao	男	中国	1998年12月	180		游泳	上海	
邱波 	Qiu Bo	男	中国	1993年1月31日	162	59	跳水	四川省	四川省
奇甫倍 	Ki Bo Bae	女	韩国	1988年2月20日	168	56	射箭		
秦凯 	Qin Kai	男	中国	1986年1月31日	170	65	跳水	陕西省	陕西省
秦晨路 	Qin Chenlu	男	中国	1992年			自行车	上海崇明	上海
齐玉红 	Qi Yuhong	女	中国				射箭		上海
秦钟午 	Jin Jong-Oh	男	韩国	1975年9月24日	175	78	射击		
乔治里奥?帕尔特里涅利 	Gregorio Paltrinieri	男	意大利	1994年9月5日	191	72	游泳		
任梦茜 	REN Mengqian	女	中国	1993年10月4日	178	65	女子撑杆跳	浙江	浙江
瑞安・罗切特 	Ryan Lochte	男	美国	1984年8月3日	188	87	游泳		
任文君 	Ren Wenjun	女	中国	1992年1月15日	175	67	皮划艇激流	山东	山东省 
入江陵介 	Ryosuke Irie	男	日本	1990年1月24日	178		游泳		
任灿灿 	Ren Cancan	女	中国	1988年1月26日	167	51	拳击	山东省	武警
山俊 	Shan Jun	男	中国				拳击	云南	云南
邵婷 	Shao Ting	女	中国	1989年12月10日	188	75	篮球	上海	
赛音吉日嘎拉 	Sai Yin Ji Ri Ga La	男	中国				柔道	内蒙古自治区	
孙一文 	Sun Yiwen	女	中国	1992年6月17日	177		击剑	山东	山东
苏欣悦 	SU Xinyue	女	中国	1991年11月8日	178	95	女子铁饼	河北	河北
水谷隼 	Mizutani Jun	男	日本	1989年6月9日	172	66	乒乓球		
史婧琳 	Shi Jinglin	女	中国				游泳	江苏	
沈铎 	Shen Duo	女	中国	1997年	182		游泳	江苏	
孙美晨 	Sun Meichen	女	中国	1998年			游泳	河北	
石川佳纯 	Ishikawa Kasumi	女	日本	1993年2月23日	157	49	乒乓球		
赛尔吉奥・鲁尔 	Sergio Llull	男	西班牙	1987年11月15日	191	86	篮球		
塞尔吉奥・罗德里格斯 	Sergio Rodriguez	男	西班牙	1986年6月12日	191	80	篮球		
孙晓 	Sun Xiao	女	中国				曲棍球	江苏	江苏
松本俜 	Cazuo Matsumoto	男	巴西	1986年6月22日	172	63	乒乓球		
孙完虎 	SON Wan Ho	男	韩国	1988年5月17日	177	69	羽毛球		
石智勇 	Shi Zhi Yong	男	中国:				举重	广西	
沈晨 	Shen Chen	女	中国	1990年7月28日	171	60	击剑	江苏	
孙伟 	Sun Wei	男	中国	199年10月27日	193		击剑	江苏	江苏
施嘉洛 	Shi Jialuo	男	中国	1993年1月25日	184		击剑	福建	福建
商科元 	Shang Keyuan	男	中国	1995年2月4日			游泳	浙江	
孙妍在 	Son Yeon-Jae	女	韩国	1994年5月28日	165	47	艺术体操		
尚蓉 	Shang Rong	女	中国				艺术体操	辽宁	
舒建明 	Shu Jianming	男	中国				皮划艇激流	四川	
孙兴O 	Son Heung-Min	男	韩国	1992年7月8日	182	76	男子足球		
苏炳添 	Su Bingtian	男	中国	1989年8月29日	172	65	田径	广东	广东
孙雅婷 	Sun Ya Ting	女	中国	1988年2月24日	180	78	女子水球	天津	天津
宋冬伦 	Song Dong Lun	女	中国	1991年4月28日	178	82	女子水球	北京	天津
孙梦然 	Sun Meng Ran	女	中国	1992年7月	197	77	篮球	天津	
孙梦昕 	Sun Meng Xin	女	中国	1993年	190	77	篮球	山东	
孙文雁 	Sun Wenyan	女	中国	1989年12月27日	170	58	花样游泳	湖南	湖南
孙玉洁 	Sun Yujie	女	中国	1992年8月10日	185	72	击剑	辽宁	辽宁省
苏・伯德 	Suzanne Brigit Bird	女	美国	1980年10月16日	175	68	篮球		
舒思瑶 	Shu Siyao	女	中国	1992年9月12日	172	49	艺术体操	四川	
孙满 	Sun Man	男	中国	1995年8月22日			赛艇	辽宁	
孙杨 	Sun Yang	男	中国	1991年12月1日	198	89	游泳	浙江	浙江
斯特格 	Steger Bastian	男	德国	1981年	176	67	乒乓球		
宋清龄 	Song Qingling 	女	中国	1986年7月22日	174	71	女子曲棍球	辽宁	辽宁
萨拉・埃拉尼 	Sara Errani	女	意大利	1987年4月29日	164	60	网球		
沈平安 	Shen Ping'an	男	中国	1994年			自行车	四川宜宾	四川
斯文-本德 	Sven Bender	男	德国	1989年4月27日	184	77	男子足球		
桑托?康多莱利 	Santo Condorelli	男	加拿大	1995年1月7日	188	88	游泳		
索尔佳 	Solja	女	德国				乒乓球		
睢冉 	Sui Ran	男	中国	1992年6月25日	192	95	篮球	山西太原	
帖雅娜 	Tie Yana	女	中国香港	1979年5月13日			乒乓球		
托尼・帕克 	Tony Parker	男	法国	1982年5月17日	188	82	篮球		
唐功臣 	Tang Gongcheng	男	中国	1989年4月24日	180	68	田径	河北	河北
谭佳薪 	Tan Jiaxin	女	中国	1996年12月3日			体操	湖南	湖南
唐鹏 	Tang Peng	男	中国香港	1981年2月4日	175	73	乒乓球		
汤梦妮 	Tang Mengni	女	中国	1994年4月8日	169	59	花样游泳	上海	
谭茹殷 	TAN Ruyin	女	中国	1994年7月17日			足球	广东	
唐雨婷 	Tang Yuting	女	中国	1999年			游泳	广东	
田涛 	Tian Tao	男	中国				举重	湖北宜昌	
图格斯・卡尼特兹 	Tugce Canitez	女	土耳其	1990年11月10日	190	85	篮球		
唐奕 	Tang Yi	女	中国	1993年1月8日	177	70	游泳	上海	上海
田志希 	JEON Jihee	女	韩国				乒乓球		
汤星强 	Tang Qingqiang	男	中国	1995年8月11日	170	65	田径	福建	福建
吴静钰 	Wu Jingyu	女	中国	1987年7月13日	167	49	跆拳道	江西	江西
王春雨 	WANG Chunyu	女	中国	1995年1月17日	176	43	女子800米	安徽	安徽
王凯华 	Wang Kaihua	男	中国	1994年2月16日	175	55	田径	广东	广东
王振东 	Wang Zhendong	男	中国	1991年1月11日	175	62	田径	江苏	江苏
吴水娇 	WU Shuijiao	女	中国	1991年6月19日	176	65	女子100米栏	广东	广东
王宇 	Wang Yu	男	中国	1991年8月18日	188	75	乒乓球	山东	山东
王妍 	Wang Yan	女	中国	1999年10月30日	140		体操	北京	北京
王宇微 	Wang Yuwei	女	中国				赛艇	内蒙古	
王玮 	Wang Wei	男	中国				帆船	浙江	
王莲媛 	Wang Lianyuan	女	中国	1994年7月26日			铁人三项	山东	
王娜 	Wang Na	女	中国				曲棍球	辽宁	
吴海燕 	WU Haiyan	女	中国	1993年2月26日			足球	浙江	
维克多・克拉弗 	Victor Claver 	男	西班牙	1988年8月30日	207	107	篮球		
汪雪儿 	Wang Xueer	女	中国	1998年			游泳	广东	
王珊珊 	WANG Shanshan	女	中国	1990年1月27日			足球	河南	
王霜 	WANG Shuang	女	中国	1995年1月23日			足球	湖北	
王焱 	Wang Yan	女	中国	1991年8月22日			足球	辽宁	
魏宁 	Wei Ning	女	中国	1982年8月5日	166	60	射击	山东	山东
王智伟 	Wang Zhiwei	男	中国	1988年7月18日	178	75	射击	山西	山西
王铁鑫 	Wang Tiexin	男	中国	1989年2月24日	188	75	赛艇	浙江省	浙江
吴琼 	Wu Qiong	女	中国	1989年4月			曲棍球	甘肃	
王哲林 	Wang Zhelin	男	中国	1994年1月20日	214	110	篮球	福建	
王爱忱 	Wang Aichen	男	中国	1985年3月28日	185	70	帆船	辽宁省	辽宁
王晓丽 	Wang Xiaoli	女	中国	1982年5月12日	169	70	帆船	山东省	山东
王歆艳 	Wang Xinyan	女	中国	1991年4月26日	181	73	水球	上海	
吴迪 	Wu Di	女	中国	1990年4月	186	72	篮球	天津	
王镇 	Wang  Zhen	男	中国	1991年8月24日	177	63	男子20公里竞走	黑龙江	黑龙江省
王梦雨 	Wang Mengyu	女	中国	1992年5月25日	170	70	曲棍球	江苏	江苏
吴敏霞 	Wu Minxia	女	中国	1985年11月10日	167	53	跳水	上海市	上海市
吴宇航 	Wu Yuhang	男	中国	1997年			游泳	浙江	
汪顺 	Wang Shun	男	中国	1994年2月11日	192	74	游泳	浙江	浙江
王峥 	Wang zheng	女	中国	1987年12月14日	174	87	女子链球	陕西	陕西
王杰 	Wang Jie	女	中国				赛艇	河南	
王纯鑫 	Wang Chunxin	男	中国				赛艇	辽宁	
王路敏 	Wang Lumin	男	中国				摔跤	山西	
王施佳 	Wang Shijia	女	中国	1993年8月25日	173	62	游泳	辽宁	辽宁
王红 	Wang Hong	女	中国	1997年			自行车	河南商丘	"河南
"
王祯 	Wang Zhen	男	中国	1989年6月			自行车	甘肃会宁	甘肃
魏秋月 	Wei Qiuyue	女	中国	1988年9月26日	183	75	排球	天津	天津
王仪涵 	Wang YI Han	女	中国	1988年1月18日	178	65	羽毛球	上海	上海
维斯尼娜 	Elena Sergeevna Vesnina	女	俄罗斯	1986年8月1日	176	70	网球		
王大鹏 	Wang Dapeng	男	中国				射箭		山东
王日炜 	Wang Riwei	男	中国	1993年			皮划艇静水	广州	广州
吴佳欣 	Wu Jiaxin	女	中国				射箭		上海
王嘉男 	Wang Jianan	男	中国	1988年2月16日	185	70	田径	辽宁	江苏
吴阿顺 	Wu Ashun	男	中国	1985年6月22日			高尔夫	福建	
徐晓龙 	Xu Xiaolong	男	中国	1992年12月20日	188	70	田径	重庆	重庆
夏洛特・迪雅尔丹 	Charlotte Susan J. Dujardin	女	英国	1985年7月13日	170	61	马术	英国	
向艳梅 	Xiang Yanmei	女	中国				举重	湖南	
肖娜・索伯恩 	Shona Thorburn	女	加拿大	1982年8月7日	178	64	篮球		
谢震业 	Xie Zhenye	男	中国	1993年8月17日	183	76	田径	浙江	浙江
徐臧军 	Xu Cang Jun	男	中国				帆船	浙江	
薛娇 	XUE Jiao	女	中国	1993年1月30日			足球	辽宁	
许安琪 	Xu Anqi	女	中国	1992年1月23日	183	75	击剑	江苏	江苏省
徐嘉余 	Xu Jiayu	男	中国	1995年8月19日	184		游泳	浙江	
谢拉-卡斯特罗 	Sheilla Castro	女	巴西	1983年7月1日	185	64	排球		
许昕 	Xu Xin	男	中国	1990年1月8日	180	67	乒乓球	上海	上海
熊敦瀚 	Xiong Dunhan	女	中国				水球	湖南	
徐莉佳 	Xu Lijia	女	中国	1987年8月30日	176	60	帆船	上海市	上海
邢宇 	Xing Yu	男	中国	1991年3月12日	188	77	射箭	北京	北京
西蒙妮・奥古斯图斯 	Seimone Augustus	女	美国	1984年4月30日	183	81	篮球		
希尔维亚・福尔斯 	Sylvia Fowles	女	美国	1985年10月6日	198	90	篮球		
辛鑫 	Xin Xin	女	中国	1996年11月6日	175	58	游泳	山东	山东
徐蕊 	Xu Rui	女	中国				摔跤	北京	
小威廉姆斯 	Serena Williams	女	美国	1981年9月26日	178	70	网球		
徐孝元 	SUH Hyowon	女	韩国	1987年5月10日	160	53	乒乓球		
徐云丽 	Xu Yunli	女	中国	1987年8月2日	197	86	排球	福建	福建
徐超 	Xu Chao	男	中国				自行车	上海	上海
薛超华 	Xue Chaohua	男	中国	1992年			自行车	北京	北京
徐晨 	Xu Chen	男	中国	1984年11月19日	186	80	羽毛球	江苏	江苏
西蒙・拜尔斯 	Simone Biles	女	美国	1997年3月14日	145		竞技体操		
肖棣 	Xiao Di	男	中国				摔跤		
谢文骏 	Xie Wenjun	男	中国	1990年7月11日	190	85	田径	上海市	上海市
薛长锐 	Xue Changrui	男	中国	1991年5月31日	188	75	田径	山东	山东
于梦雨 	Yu Mengyu	女	新加坡	1989年8月18日			乒乓球		
于颂 	Yu Song	女	中国	1987年			柔道	山东青岛	
尹军花 	Yin Junhua	女	中国	1990年			拳击	河北	河北
杨俊霞 	Yang Jun Xia	女	中国				柔道	山东	
于伟 	Yu Wei	男	中国	1987年9月11日	180	62	田径	山东	山东
袁琦琦 	YUAN Qiqi	女	中国	1995年10月26日	165	50	女子短跑	江苏	江苏
岳超 	YUE Chao	女	中国	1991年1月5日	165	55	女子马拉松	江苏	江苏
杨洋 	Yang Yang	男	中国	1991年6月26日	183	75	乒乓球	山东	山东
亚历山大・马里奇 	Alexander Maric	男	澳大利亚				篮球		
杨曼 	YANG Man	女	中国	1995年11月2日			足球	山东	
杨丽 	YANG Li	女	中国	1991年1月31日			足球	江苏	
尹成昕 	Yin Chengxin	女	中国	1995年2月5日	168	58	花样游泳	湖北	
于静瑶 	Yu Jingyao	女	中国	1999年2月13日			游泳	北京	
尤塞恩-博尔特 	Usain Bolt	男	牙买加	1986年8月21日	196	86	田径		
余成刚 	Yu Chenggang 	男	中国	1984年2月23日	181	70	赛艇	四川省	山东省
杨哲 	Yang Zhe	男	中国:	1991年7月14日	180		举重	山东	
伊拉・玛利亚麻・迪亚拉 	Elea Mariama Diarra	女	田径	1990年3月8日	175	56	田径		
易思玲 	YI Siling	女	中国	1989年5月6日	165	51	射击	湖南	广东
尤浩 	You Hao	男	中国	1992年4月26日			体操	江苏	江苏
易建联 	Yi Jianlian	男	中国	1987年10月27日	213	113	篮球	广东	广东
伊斯尔・阿尔本 	Isil Alben	女	土耳其	1986年2月22日	170	60	篮球		
杨B 	Yang Jun	女	中国	1988年4月28日	180	69	女子水球	北京	天津
伊万・加西亚 	Iván García	男	墨西哥	1993年10月25日	165	55	跳水		
亚瑟明・达尔加拉尔 	Yasemin Dalgalar	女	土耳其	1988年6月8日	183	70	篮球		
余贺新 	Yu Hexin	男	中国	1996年1月1日			游泳	广东	
闫子贝 	Yan Zibei	男	中国	1995年10月			游泳	湖北	
杨晔 	Yang Ye	女	中国				艺术体操	辽宁	
叶诗文 	Ye Shiwen	女	中国	1996年3月1日	172	64	游泳	浙江	浙江
伊萨贝尔・雅稠堡 	Isabelle Yacoubou	女	法国		190		篮球		
杨斌 	Yang Bin	男	中国				摔跤		"山东
"
伊藤美诚 	Mima Ito	女	日本	2000年10月21日			乒乓球		
姚平 	Yao Ping	女	中国				自行车	山东	
颜妮 	Yan Ni	女	中国	1989年3月2日	192	72	排球	辽宁	
雅尼克-阿格内尔 	Yannick Agnel	男	法国	1992年6月9日	202	90	游泳		
叶卡捷琳娜・马卡洛娃 	Ekaterina Makarova 	女	俄罗斯	1988年6月7日	183	71	"网球
"		
于洋 	Yu Yang	女	中国	1986年4月7日	166	56	羽毛球	辽宁	辽宁
亚德里安娜・平托 	Adriana Pinto	女	巴西	1978年12月6日	170	62	篮球		
叶尔兰别克-卡泰 	Ye Er Lan Bie Ke Ka Tai	男	中国			66	摔跤	甘肃	
伊斯安妮・马奎斯 	Iziane Marques	女	巴西	1982年3月13日	182	71	篮球		
尤纳斯・瓦兰修纳斯 	Jonas Valanciunas	男	立陶宛	1992年5月6日	213	111	篮球		
周一涵 	Zhou Yihan	女	新加坡				乒乓球		
赵明刚 	Zhao Minggang	男	中国				拳击	河北	河北
张继科 	Zhang Jike	男	中国	1988年2月16日	181	70	乒乓球	山东	山东
朱仁学 	Zhu Renxue	男	中国	1991年4月6日	181	70	田径	云南	云南
张成龙 	Zhang Chenglong	男	中国	1989年5月12日	173	65	体操	山东省	山东省
张晓楠 	Zhang Xiaonan	女	中国				现代五项	辽宁	辽宁
张航 	Zhang Hang	男	中国	1991年10月28日	180	70	田径	云南	云南
郑荣植 	JEOUNG Youngsik	男	韩国	1992年1月20日	182	65	乒乓球		
朱世赫 	Joo Se-Hyuk	男	韩国	1980年1月20日	180	68	乒乓球		
张新艳 	ZHANG Xinyan	女	中国	1994年2月9日	164	48	女子中长跑	甘肃	甘肃
张馨月 	Zhang Xiyue	女	中国				赛艇	山东	
张灵 	Zhang Ling	女	中国				赛艇	上海	
周羿霖 	Zhou Yilin	女	中国				游泳	河北	
周敏 	Zhou Min	女	中国	1997年12月			游泳	上海	上海
朱梦惠 	Zhu Menghui	女	中国	1999年			游泳	浙江	
赵丽娜 	ZHAO Lina	女	中国	1991年9月18日			足球	上海	
张箫雪 	Zhang Xiaoxue	女	中国				曲棍球	辽宁	"辽宁
"
张越 	ZHANG Yue	女	中国	1990年9月30日			足球	天津	
张馨予 	Zhang Xinyu	女	中国				游泳	河南	
张雨霏 	Zhang Yufei	女	中国	1998年4月			游泳	江苏	
张雨涵 	Zhang Yuhan	女	中国	1995年			游泳	湖北	
赵容 	ZHAO Rong	女	中国	1993年9月27日			足球	北京	
周玉 	Zhou Yu	女	中国	1989年1月23日	174	68	皮划艇静水	湖南	湖南省 
张金荣 	Zhang Jinrong	女	中国	1997年3月24日			曲棍球	吉林	
张睿 	ZHANG Rui	女	中国	1989年1月17日			足球	山东	
张帅 	Zhang Shuai	女	中国	1989年1月21日	177	65	网球	天津	天津
朱启南 	Zhu Qinan	男	中国	1984年11月15日	182	67	射击	浙江	浙江
祖立军 	Zu Lijun	男	中国	1989年11月26日	185		游泳	江苏	
张麒斌 	Zhang Qibin	男	中国	1994年6月			游泳	山东	
朱韦伟 	Zhu Weiwei 	女	中国	1990年5月22日	180	72	赛艇	江苏省	江苏
赵敬楠 	Zhao Jingnan	女	中国				艺术体操	辽宁	
周鹏 	Zhou Peng	男	中国	1989年10月11日	206	90	篮球	辽宁	广东
张文秀 	Zhang Wenxiu	女	中国	1986年3月22日	182	113	女子链球	辽宁	辽宁
张| 	Zhang Cong	女	中国	1990年5月3日	176	65	水球	天津	
张贤秀 	Jang hyun soo	男	韩国	1991年9月28日	187	77	男子足球		
赵子涵 	Zhao Zihan	女	中国	1993年9月4日	173	63	排球	上海	
张薇薇 	Zhang Weiwei	女	中国	1990年10月7日	183	64	女子水球	辽宁	
张国伟 	Zhang Guowei	男	中国	1991年6月4日	200	77	男子跳高	山东	山东省
赵志芳 	Zhao Zhi Fang	女	中国		165		篮球		
张培萌 	Zhang Peimeng	男	中国	1987年3月13日	186	86	田径	北京	北京市
张玲 	Zhang Lin	女	中国				艺术体操	浙江	
赵景滨 	Zhao Jingbin	男	中国				赛艇	山东	
周凤 	Zhou Feng	女	中国				摔跤	江西	
赵宝芳 	Zhao Baofang	女	中国				自行车	河南	
钟天使 	Zhong Tianshi	女	中国	1991年			自行车	上海	上海
赵玉雕 	Zhao Yudiao	女	中国	1989年5月25日	174	70	女子曲棍球	辽宁	"辽宁
"
詹姆斯・盖伊 	James Guy	男	英国	1995年11月26日	187	83	游泳		
张伯伦・奥古奇 	Chamberlain Oguchi	男	尼日利亚	1986年4月28日	198	91	篮球		
张楠 	Zhang Nan	男	中国	1990年3月1日	183	75	羽毛球	北京	北京
赵芸蕾 	Zhao Yunlei	女	中国	1986年8月25日	173	62	羽毛球	湖北	湖北
张凤柳 	Zhang Feng Liu	女	中国				摔跤	辽宁	
钟雪纯 	Zhong Xue Chun	女	中国	1994年			摔跤	广西壮族自治区	
张敏 	Zhang Min	女	中国	1991			帆船	山东济南	山东
周琦 	Zhou Qi	男	中国	1996年1月16日	217	95	篮球	河南新乡	新疆
翟晓川 	Zhai Xiaochuan	男	中国	1993年3月24日	204	100	篮球	河北唐山	
张浙慧 	Zhang Zhehui	女	中国			78	柔道	江苏	
赵继伟 	Zhao Jiwei	男	中国	1995年8月25日	185	77	篮球	辽宁海城	
邹雨宸 	Zou yuchen	男	中国	1996年7月5日	208	108	篮球	辽宁大连	
